{"cameraMode":{"drawMode":0,"name":"Shaded","section":"Shading Mode"},"sceneLighting":false,"audioPlay":false,"sceneViewState":{"m_AlwaysRefresh":true,"showFog":true,"showSkybox":false,"showFlares":true,"showImageEffects":true,"showParticleSystems":true,"showVisualEffectGraphs":true,"m_FxEnabled":true},"in2DMode":false,"pivot":{"x":-0.8389549255371094,"y":1.6437546014785767,"z":-0.016523785889148713},"rotation":{"x":0.19563639163970948,"y":0.625160813331604,"z":-0.1665598452091217,"w":0.7371684908866882},"size":1.1260205507278443,"orthographic":false}