{"cameraMode":{"drawMode":0,"name":"Shaded","section":"Shading Mode"},"sceneLighting":true,"audioPlay":false,"sceneViewState":{"m_AlwaysRefresh":true,"showFog":true,"showSkybox":true,"showFlares":true,"showImageEffects":true,"showParticleSystems":true,"showVisualEffectGraphs":true,"m_FxEnabled":true},"in2DMode":false,"pivot":{"x":75.41382598876953,"y":0.8603774309158325,"z":15.626046180725098},"rotation":{"x":0.08960191160440445,"y":0.8267927169799805,"z":-0.1376762092113495,"w":0.5380346179008484},"size":0.2644088864326477,"orthographic":false}