{"cameraMode":{"drawMode":0,"name":"Shaded","section":"Shading Mode"},"sceneLighting":false,"audioPlay":false,"sceneViewState":{"m_AlwaysRefresh":false,"showFog":false,"showSkybox":false,"showFlares":false,"showImageEffects":false,"showParticleSystems":false,"showVisualEffectGraphs":true,"m_FxEnabled":true},"in2DMode":false,"pivot":{"x":-0.000005841255187988281,"y":1.2655160427093506,"z":0.06578612327575684},"rotation":{"x":0.0620887391269207,"y":0.9375921487808228,"z":-0.19320133328437806,"w":0.282498300075531},"size":8.337178230285645,"orthographic":false}