{"cameraMode":{"drawMode":0,"name":"Shaded","section":"Shading Mode"},"sceneLighting":false,"audioPlay":false,"sceneViewState":{"m_AlwaysRefresh":true,"showFog":true,"showSkybox":false,"showFlares":true,"showImageEffects":true,"showParticleSystems":true,"showVisualEffectGraphs":true,"m_FxEnabled":true},"in2DMode":false,"pivot":{"x":0.9651761054992676,"y":0.7572444081306458,"z":0.218368262052536},"rotation":{"x":0.18004991114139558,"y":-0.6678529977798462,"z":0.17086881399154664,"w":0.7018468379974365},"size":0.12903864681720735,"orthographic":false}