{"cameraMode":{"drawMode":0,"name":"Shaded","section":"Shading Mode"},"sceneLighting":false,"audioPlay":false,"sceneViewState":{"m_AlwaysRefresh":true,"showFog":true,"showSkybox":false,"showFlares":true,"showImageEffects":true,"showParticleSystems":true,"showVisualEffectGraphs":true,"m_FxEnabled":true},"in2DMode":false,"pivot":{"x":-0.0802292674779892,"y":3.168219566345215,"z":2.1878223419189455},"rotation":{"x":-0.09861812740564347,"y":0.8768752813339233,"z":-0.41839835047721865,"w":-0.21534867584705354},"size":1.415897250175476,"orthographic":false}