{"cameraMode":{"drawMode":0,"name":"Shaded","section":"Shading Mode"},"sceneLighting":false,"audioPlay":false,"sceneViewState":{"m_AlwaysRefresh":true,"showFog":true,"showSkybox":false,"showFlares":true,"showImageEffects":true,"showParticleSystems":true,"showVisualEffectGraphs":true,"m_FxEnabled":true},"in2DMode":false,"pivot":{"x":2.2982096672058107,"y":0.8832454085350037,"z":1.9296772480010987},"rotation":{"x":0.19455616176128388,"y":-0.31514936685562136,"z":0.0627613514661789,"w":0.927024245262146},"size":2.5119431018829347,"orthographic":false}