{"cameraMode":{"drawMode":0,"name":"Shaded","section":"Shading Mode"},"sceneLighting":false,"audioPlay":false,"sceneViewState":{"m_AlwaysRefresh":true,"showFog":true,"showSkybox":false,"showFlares":true,"showImageEffects":true,"showParticleSystems":true,"showVisualEffectGraphs":true,"m_FxEnabled":true},"in2DMode":false,"pivot":{"x":0.8777041435241699,"y":1.0839416980743409,"z":0.619498610496521},"rotation":{"x":-0.01235571876168251,"y":-0.9586186408996582,"z":0.04234232008457184,"w":-0.2817564010620117},"size":0.9901997447013855,"orthographic":false}