{"cameraMode":{"drawMode":0,"name":"Shaded","section":"Shading Mode"},"sceneLighting":false,"audioPlay":false,"sceneViewState":{"m_AlwaysRefresh":true,"showFog":true,"showSkybox":false,"showFlares":true,"showImageEffects":true,"showParticleSystems":true,"showVisualEffectGraphs":true,"m_FxEnabled":true},"in2DMode":false,"pivot":{"x":1.8028502464294434,"y":1.4348487854003907,"z":-0.4756993353366852},"rotation":{"x":0.1383059024810791,"y":-0.7546032071113586,"z":0.16797758638858796,"w":0.6192624568939209},"size":0.8402476906776428,"orthographic":false}