{"cameraMode":{"drawMode":0,"name":"Shaded","section":"Shading Mode"},"sceneLighting":false,"audioPlay":false,"sceneViewState":{"m_AlwaysRefresh":true,"showFog":true,"showSkybox":false,"showFlares":true,"showImageEffects":true,"showParticleSystems":true,"showVisualEffectGraphs":true,"m_FxEnabled":true},"in2DMode":false,"pivot":{"x":-2.9802322387695315e-8,"y":0.007892190478742123,"z":1.1920928955078126e-7},"rotation":{"x":0.2974409759044647,"y":-0.594043493270874,"z":0.25043773651123049,"w":0.704380989074707},"size":0.37930339574813845,"orthographic":false}