{"cameraMode":{"drawMode":0,"name":"Shaded","section":"Shading Mode"},"sceneLighting":false,"audioPlay":false,"sceneViewState":{"m_AlwaysRefresh":true,"showFog":true,"showSkybox":false,"showFlares":true,"showImageEffects":true,"showParticleSystems":true,"showVisualEffectGraphs":true,"m_FxEnabled":true},"in2DMode":false,"pivot":{"x":-0.3826198875904083,"y":-0.34617844223976138,"z":-0.006729705259203911},"rotation":{"x":0.4144107401371002,"y":-0.3841087222099304,"z":0.19838501513004304,"w":0.8009980320930481},"size":1.6005902290344239,"orthographic":false}