{"cameraMode":{"drawMode":0,"name":"Shaded","section":"Shading Mode"},"sceneLighting":false,"audioPlay":false,"sceneViewState":{"m_AlwaysRefresh":true,"showFog":true,"showSkybox":false,"showFlares":true,"showImageEffects":true,"showParticleSystems":true,"showVisualEffectGraphs":true,"m_FxEnabled":true},"in2DMode":false,"pivot":{"x":-1.745856523513794,"y":2.1281206607818605,"z":0.20528863370418549},"rotation":{"x":-0.11873630434274674,"y":-0.6363345980644226,"z":-0.09986241161823273,"w":0.7558270692825317},"size":0.7374136447906494,"orthographic":false}