{"cameraMode":{"drawMode":0,"name":"Shaded","section":"Shading Mode"},"sceneLighting":true,"audioPlay":false,"sceneViewState":{"m_AlwaysRefresh":true,"showFog":true,"showSkybox":false,"showFlares":true,"showImageEffects":true,"showParticleSystems":true,"showVisualEffectGraphs":true,"m_FxEnabled":true},"in2DMode":false,"pivot":{"x":0.16301432251930238,"y":0.22345830500125886,"z":0.785653293132782},"rotation":{"x":-0.05691887438297272,"y":0.9411513209342957,"z":-0.179753378033638,"w":-0.28153982758522036},"size":0.7901683449745178,"orthographic":false}